[
	{
		"certificateId": 1,
		"certificateName": "SSC"
	},
	{
		"certificateId": 2,
		"certificateName": "Intermediate"
	},
	{
		"certificateId": 3,
		"certificateName": "Graduation"
	},
	{
		"certificateId": 4,
		"certificateName": "Post Graduation"
	},
	{
		"certificateId": 5,
		"certificateName": "Previous Company Offer Letter"
	},
	{
		"certificateId": 6,
		"certificateName": "Previous Company Relieving Letter"
	},
	{
		"certificateId": 7,
		"certificateName": "Payslips"
	},
	{
		"certificateId": 8,
		"certificateName": "Salary Bank Statement"
	}
]