 [
        {
            "countryId": 1,
            "countryName": "Afghanistan",
            "phoneCode": "93",
            "sortName": "AF",
            "iso3": "AFG",
            "capital": "Kabul",
            "currency": "AFN",
            "subregion": "Southern Asia"
        },
        {
            "countryId": 2,
            "countryName": "Albania",
            "phoneCode": "355",
            "sortName": "AL",
            "iso3": "ALB",
            "capital": "Tirana",
            "currency": "ALL",
            "subregion": "Southern Europe"
        },
        {
            "countryId": 3,
            "countryName": "Algeria",
            "phoneCode": "213",
            "sortName": "DZ",
            "iso3": "DZA",
            "capital": "Algiers",
            "currency": "DZD",
            "subregion": "Northern Africa"
        },
        {
            "countryId": 4,
            "countryName": "American Samoa",
            "phoneCode": "1684",
            "sortName": "AS",
            "iso3": null,
            "capital": null,
            "currency": null,
            "subregion": null
        },
        {
            "countryId": 5,
            "countryName": "Andorra",
            "phoneCode": "376",
            "sortName": "AD",
            "iso3": "AND",
            "capital": "Andorra la Vella",
            "currency": "EUR",
            "subregion": "Southern Europe"
        },
        {
            "countryId": 6,
            "countryName": "Angola",
            "phoneCode": "244",
            "sortName": "AO",
            "iso3": "AGO",
            "capital": "Luanda",
            "currency": "AOA",
            "subregion": "Middle Africa"
        },
        {
            "countryId": 7,
            "countryName": "Anguilla",
            "phoneCode": "1264",
            "sortName": "AI",
            "iso3": null,
            "capital": null,
            "currency": null,
            "subregion": null
        },
        {
            "countryId": 8,
            "countryName": "Antarctica",
            "phoneCode": "0",
            "sortName": "AQ",
            "iso3": "ATA",
            "capital": "",
            "currency": "",
            "subregion": ""
        },
        {
            "countryId": 9,
            "countryName": "Antigua And Barbuda",
            "phoneCode": "1268",
            "sortName": "AG",
            "iso3": null,
            "capital": null,
            "currency": null,
            "subregion": null
        },
        {
            "countryId": 10,
            "countryName": "Argentina",
            "phoneCode": "54",
            "sortName": "AR",
            "iso3": "ARG",
            "capital": "Buenos Aires",
            "currency": "ARS",
            "subregion": "South America"
        },
        {
            "countryId": 11,
            "countryName": "Armenia",
            "phoneCode": "374",
            "sortName": "AM",
            "iso3": "ARM",
            "capital": "Yerevan",
            "currency": "AMD",
            "subregion": "Western Asia"
        },
        {
            "countryId": 12,
            "countryName": "Aruba",
            "phoneCode": "297",
            "sortName": "AW",
            "iso3": "ABW",
            "capital": "Oranjestad",
            "currency": "AWG",
            "subregion": "Caribbean"
        },
        {
            "countryId": 13,
            "countryName": "Australia",
            "phoneCode": "61",
            "sortName": "AU",
            "iso3": "AUS",
            "capital": "Canberra",
            "currency": "AUD",
            "subregion": "Australia and New Zealand"
        },
        {
            "countryId": 14,
            "countryName": "Austria",
            "phoneCode": "43",
            "sortName": "AT",
            "iso3": "AUT",
            "capital": "Vienna",
            "currency": "EUR",
            "subregion": "Western Europe"
        },
        {
            "countryId": 15,
            "countryName": "Azerbaijan",
            "phoneCode": "994",
            "sortName": "AZ",
            "iso3": "AZE",
            "capital": "Baku",
            "currency": "AZN",
            "subregion": "Western Asia"
        },
        {
            "countryId": 16,
            "countryName": "Bahamas The",
            "phoneCode": "1242",
            "sortName": "BS",
            "iso3": null,
            "capital": null,
            "currency": null,
            "subregion": null
        },
        {
            "countryId": 17,
            "countryName": "Bahrain",
            "phoneCode": "973",
            "sortName": "BH",
            "iso3": "BHR",
            "capital": "Manama",
            "currency": "BHD",
            "subregion": "Western Asia"
        },
        {
            "countryId": 18,
            "countryName": "Bangladesh",
            "phoneCode": "880",
            "sortName": "BD",
            "iso3": "BGD",
            "capital": "Dhaka",
            "currency": "BDT",
            "subregion": "Southern Asia"
        },
        {
            "countryId": 20,
            "countryName": "Belarus",
            "phoneCode": "375",
            "sortName": "BY",
            "iso3": "BLR",
            "capital": "Minsk",
            "currency": "BYN",
            "subregion": "Eastern Europe"
        },
        {
            "countryId": 21,
            "countryName": "Belgium",
            "phoneCode": "32",
            "sortName": "BE",
            "iso3": "BEL",
            "capital": "Brussels",
            "currency": "EUR",
            "subregion": "Western Europe"
        },
        {
            "countryId": 22,
            "countryName": "Belize",
            "phoneCode": "501",
            "sortName": "BZ",
            "iso3": "BLZ",
            "capital": "Belmopan",
            "currency": "BZD",
            "subregion": "Central America"
        },
        {
            "countryId": 23,
            "countryName": "Benin",
            "phoneCode": "229",
            "sortName": "BJ",
            "iso3": "BEN",
            "capital": "Porto-Novo",
            "currency": "XOF",
            "subregion": "Western Africa"
        },
        {
            "countryId": 24,
            "countryName": "Bermuda",
            "phoneCode": "1441",
            "sortName": "BM",
            "iso3": null,
            "capital": null,
            "currency": null,
            "subregion": null
        },
        {
            "countryId": 25,
            "countryName": "Bhutan",
            "phoneCode": "975",
            "sortName": "BT",
            "iso3": "BTN",
            "capital": "Thimphu",
            "currency": "BTN",
            "subregion": "Southern Asia"
        },
        {
            "countryId": 26,
            "countryName": "Bolivia",
            "phoneCode": "591",
            "sortName": "BO",
            "iso3": "BOL",
            "capital": "Sucre",
            "currency": "BOB",
            "subregion": "South America"
        },
        {
            "countryId": 27,
            "countryName": "Bosnia and Herzegovina",
            "phoneCode": "387",
            "sortName": "BA",
            "iso3": "BIH",
            "capital": "Sarajevo",
            "currency": "BAM",
            "subregion": "Southern Europe"
        },
        {
            "countryId": 28,
            "countryName": "Botswana",
            "phoneCode": "267",
            "sortName": "BW",
            "iso3": "BWA",
            "capital": "Gaborone",
            "currency": "BWP",
            "subregion": "Southern Africa"
        },
        {
            "countryId": 29,
            "countryName": "Bouvet Island",
            "phoneCode": "0",
            "sortName": "BV",
            "iso3": null,
            "capital": null,
            "currency": null,
            "subregion": null
        },
        {
            "countryId": 30,
            "countryName": "Brazil",
            "phoneCode": "55",
            "sortName": "BR",
            "iso3": "BRA",
            "capital": "Brasilia",
            "currency": "BRL",
            "subregion": "South America"
        },
        {
            "countryId": 31,
            "countryName": "British Indian Ocean Territory",
            "phoneCode": "246",
            "sortName": "IO",
            "iso3": "IOT",
            "capital": "Diego Garcia",
            "currency": "USD",
            "subregion": "Eastern Africa"
        },
        {
            "countryId": 32,
            "countryName": "Brunei",
            "phoneCode": "673",
            "sortName": "BN",
            "iso3": "BRN",
            "capital": "Bandar Seri Begawan",
            "currency": "BND",
            "subregion": "South-Eastern Asia"
        },
        {
            "countryId": 33,
            "countryName": "Bulgaria",
            "phoneCode": "359",
            "sortName": "BG",
            "iso3": "BGR",
            "capital": "Sofia",
            "currency": "BGN",
            "subregion": "Eastern Europe"
        },
        {
            "countryId": 34,
            "countryName": "Burkina Faso",
            "phoneCode": "226",
            "sortName": "BF",
            "iso3": "BFA",
            "capital": "Ouagadougou",
            "currency": "XOF",
            "subregion": "Western Africa"
        },
        {
            "countryId": 35,
            "countryName": "Burundi",
            "phoneCode": "257",
            "sortName": "BI",
            "iso3": "BDI",
            "capital": "Bujumbura",
            "currency": "BIF",
            "subregion": "Eastern Africa"
        },
        {
            "countryId": 36,
            "countryName": "Cambodia",
            "phoneCode": "855",
            "sortName": "KH",
            "iso3": "KHM",
            "capital": "Phnom Penh",
            "currency": "KHR",
            "subregion": "South-Eastern Asia"
        },
        {
            "countryId": 37,
            "countryName": "Cameroon",
            "phoneCode": "237",
            "sortName": "CM",
            "iso3": "CMR",
            "capital": "Yaounde",
            "currency": "XAF",
            "subregion": "Middle Africa"
        },
        {
            "countryId": 38,
            "countryName": "Canada",
            "phoneCode": "1",
            "sortName": "CA",
            "iso3": "CAN",
            "capital": "Ottawa",
            "currency": "CAD",
            "subregion": "Northern America"
        },
        {
            "countryId": 39,
            "countryName": "Cape Verde",
            "phoneCode": "238",
            "sortName": "CV",
            "iso3": "CPV",
            "capital": "Praia",
            "currency": "CVE",
            "subregion": "Western Africa"
        },
        {
            "countryId": 40,
            "countryName": "Cayman Islands",
            "phoneCode": "1345",
            "sortName": "KY",
            "iso3": null,
            "capital": null,
            "currency": null,
            "subregion": null
        },
        {
            "countryId": 41,
            "countryName": "Central African Republic",
            "phoneCode": "236",
            "sortName": "CF",
            "iso3": "CAF",
            "capital": "Bangui",
            "currency": "XAF",
            "subregion": "Middle Africa"
        },
        {
            "countryId": 42,
            "countryName": "Chad",
            "phoneCode": "235",
            "sortName": "TD",
            "iso3": "TCD",
            "capital": "N'Djamena",
            "currency": "XAF",
            "subregion": "Middle Africa"
        },
        {
            "countryId": 43,
            "countryName": "Chile",
            "phoneCode": "56",
            "sortName": "CL",
            "iso3": "CHL",
            "capital": "Santiago",
            "currency": "CLP",
            "subregion": "South America"
        },
        {
            "countryId": 44,
            "countryName": "China",
            "phoneCode": "86",
            "sortName": "CN",
            "iso3": "CHN",
            "capital": "Beijing",
            "currency": "CNY",
            "subregion": "Eastern Asia"
        },
        {
            "countryId": 45,
            "countryName": "Christmas Island",
            "phoneCode": "61",
            "sortName": "CX",
            "iso3": "CXR",
            "capital": "Flying Fish Cove",
            "currency": "AUD",
            "subregion": "Australia and New Zealand"
        },
        {
            "countryId": 46,
            "countryName": "Cocos (Keeling) Islands",
            "phoneCode": "672",
            "sortName": "CC",
            "iso3": null,
            "capital": null,
            "currency": null,
            "subregion": null
        },
        {
            "countryId": 47,
            "countryName": "Colombia",
            "phoneCode": "57",
            "sortName": "CO",
            "iso3": "COL",
            "capital": "Bogota",
            "currency": "COP",
            "subregion": "South America"
        },
        {
            "countryId": 48,
            "countryName": "Comoros",
            "phoneCode": "269",
            "sortName": "KM",
            "iso3": "COM",
            "capital": "Moroni",
            "currency": "KMF",
            "subregion": "Eastern Africa"
        },
        {
            "countryId": 49,
            "countryName": "Republic Of The Congo",
            "phoneCode": "242",
            "sortName": "CG",
            "iso3": null,
            "capital": null,
            "currency": null,
            "subregion": null
        },
        {
            "countryId": 50,
            "countryName": "Democratic Republic Of The Congo",
            "phoneCode": "242",
            "sortName": "CD",
            "iso3": null,
            "capital": null,
            "currency": null,
            "subregion": null
        },
        {
            "countryId": 51,
            "countryName": "Cook Islands",
            "phoneCode": "682",
            "sortName": "CK",
            "iso3": "COK",
            "capital": "Avarua",
            "currency": "NZD",
            "subregion": "Polynesia"
        },
        {
            "countryId": 52,
            "countryName": "Costa Rica",
            "phoneCode": "506",
            "sortName": "CR",
            "iso3": "CRI",
            "capital": "San Jose",
            "currency": "CRC",
            "subregion": "Central America"
        },
        {
            "countryId": 53,
            "countryName": "Cote D'Ivoire (Ivory Coast)",
            "phoneCode": "225",
            "sortName": "CI",
            "iso3": "CIV",
            "capital": "Yamoussoukro",
            "currency": "XOF",
            "subregion": "Western Africa"
        },
        {
            "countryId": 54,
            "countryName": "Croatia (Hrvatska)",
            "phoneCode": "385",
            "sortName": "HR",
            "iso3": "HRV",
            "capital": "Zagreb",
            "currency": "HRK",
            "subregion": "Southern Europe"
        },
        {
            "countryId": 55,
            "countryName": "Cuba",
            "phoneCode": "53",
            "sortName": "CU",
            "iso3": "CUB",
            "capital": "Havana",
            "currency": "CUP",
            "subregion": "Caribbean"
        },
        {
            "countryId": 56,
            "countryName": "Cyprus",
            "phoneCode": "357",
            "sortName": "CY",
            "iso3": "CYP",
            "capital": "Nicosia",
            "currency": "EUR",
            "subregion": "Southern Europe"
        },
        {
            "countryId": 57,
            "countryName": "Czech Republic",
            "phoneCode": "420",
            "sortName": "CZ",
            "iso3": "CZE",
            "capital": "Prague",
            "currency": "CZK",
            "subregion": "Eastern Europe"
        },
        {
            "countryId": 58,
            "countryName": "Denmark",
            "phoneCode": "45",
            "sortName": "DK",
            "iso3": "DNK",
            "capital": "Copenhagen",
            "currency": "DKK",
            "subregion": "Northern Europe"
        },
        {
            "countryId": 59,
            "countryName": "Djibouti",
            "phoneCode": "253",
            "sortName": "DJ",
            "iso3": "DJI",
            "capital": "Djibouti",
            "currency": "DJF",
            "subregion": "Eastern Africa"
        },
        {
            "countryId": 60,
            "countryName": "Dominica",
            "phoneCode": "1767",
            "sortName": "DM",
            "iso3": null,
            "capital": null,
            "currency": null,
            "subregion": null
        },
        {
            "countryId": 61,
            "countryName": "Dominican Republic",
            "phoneCode": "1809",
            "sortName": "DO",
            "iso3": null,
            "capital": null,
            "currency": null,
            "subregion": null
        },
        {
            "countryId": 62,
            "countryName": "East Timor",
            "phoneCode": "670",
            "sortName": "TP",
            "iso3": null,
            "capital": null,
            "currency": null,
            "subregion": null
        },
        {
            "countryId": 63,
            "countryName": "Ecuador",
            "phoneCode": "593",
            "sortName": "EC",
            "iso3": "ECU",
            "capital": "Quito",
            "currency": "USD",
            "subregion": "South America"
        },
        {
            "countryId": 64,
            "countryName": "Egypt",
            "phoneCode": "20",
            "sortName": "EG",
            "iso3": "EGY",
            "capital": "Cairo",
            "currency": "EGP",
            "subregion": "Northern Africa"
        },
        {
            "countryId": 65,
            "countryName": "El Salvador",
            "phoneCode": "503",
            "sortName": "SV",
            "iso3": "SLV",
            "capital": "San Salvador",
            "currency": "USD",
            "subregion": "Central America"
        },
        {
            "countryId": 66,
            "countryName": "Equatorial Guinea",
            "phoneCode": "240",
            "sortName": "GQ",
            "iso3": "GNQ",
            "capital": "Malabo",
            "currency": "XAF",
            "subregion": "Middle Africa"
        },
        {
            "countryId": 67,
            "countryName": "Eritrea",
            "phoneCode": "291",
            "sortName": "ER",
            "iso3": "ERI",
            "capital": "Asmara",
            "currency": "ERN",
            "subregion": "Eastern Africa"
        },
        {
            "countryId": 68,
            "countryName": "Estonia",
            "phoneCode": "372",
            "sortName": "EE",
            "iso3": "EST",
            "capital": "Tallinn",
            "currency": "EUR",
            "subregion": "Northern Europe"
        },
        {
            "countryId": 69,
            "countryName": "Ethiopia",
            "phoneCode": "251",
            "sortName": "ET",
            "iso3": "ETH",
            "capital": "Addis Ababa",
            "currency": "ETB",
            "subregion": "Eastern Africa"
        },
        {
            "countryId": 70,
            "countryName": "External Territories of Australia",
            "phoneCode": "61",
            "sortName": "XA",
            "iso3": null,
            "capital": null,
            "currency": null,
            "subregion": null
        },
        {
            "countryId": 71,
            "countryName": "Falkland Islands",
            "phoneCode": "500",
            "sortName": "FK",
            "iso3": "FLK",
            "capital": "Stanley",
            "currency": "FKP",
            "subregion": "South America"
        },
        {
            "countryId": 72,
            "countryName": "Faroe Islands",
            "phoneCode": "298",
            "sortName": "FO",
            "iso3": "FRO",
            "capital": "Torshavn",
            "currency": "DKK",
            "subregion": "Northern Europe"
        },
        {
            "countryId": 73,
            "countryName": "Fiji Islands",
            "phoneCode": "679",
            "sortName": "FJ",
            "iso3": "FJI",
            "capital": "Suva",
            "currency": "FJD",
            "subregion": "Melanesia"
        },
        {
            "countryId": 74,
            "countryName": "Finland",
            "phoneCode": "358",
            "sortName": "FI",
            "iso3": "FIN",
            "capital": "Helsinki",
            "currency": "EUR",
            "subregion": "Northern Europe"
        },
        {
            "countryId": 75,
            "countryName": "France",
            "phoneCode": "33",
            "sortName": "FR",
            "iso3": "FRA",
            "capital": "Paris",
            "currency": "EUR",
            "subregion": "Western Europe"
        },
        {
            "countryId": 76,
            "countryName": "French Guiana",
            "phoneCode": "594",
            "sortName": "GF",
            "iso3": "GUF",
            "capital": "Cayenne",
            "currency": "EUR",
            "subregion": "South America"
        },
        {
            "countryId": 77,
            "countryName": "French Polynesia",
            "phoneCode": "689",
            "sortName": "PF",
            "iso3": "PYF",
            "capital": "Papeete",
            "currency": "XPF",
            "subregion": "Polynesia"
        },
        {
            "countryId": 78,
            "countryName": "French Southern Territories",
            "phoneCode": "0",
            "sortName": "TF",
            "iso3": "ATF",
            "capital": "Port-aux-Francais",
            "currency": "EUR",
            "subregion": "Southern Africa"
        },
        {
            "countryId": 79,
            "countryName": "Gabon",
            "phoneCode": "241",
            "sortName": "GA",
            "iso3": "GAB",
            "capital": "Libreville",
            "currency": "XAF",
            "subregion": "Middle Africa"
        },
        {
            "countryId": 80,
            "countryName": "Gambia The",
            "phoneCode": "220",
            "sortName": "GM",
            "iso3": "GMB",
            "capital": "Banjul",
            "currency": "GMD",
            "subregion": "Western Africa"
        },
        {
            "countryId": 81,
            "countryName": "Georgia",
            "phoneCode": "995",
            "sortName": "GE",
            "iso3": "GEO",
            "capital": "Tbilisi",
            "currency": "GEL",
            "subregion": "Western Asia"
        },
        {
            "countryId": 82,
            "countryName": "Germany",
            "phoneCode": "49",
            "sortName": "DE",
            "iso3": "DEU",
            "capital": "Berlin",
            "currency": "EUR",
            "subregion": "Western Europe"
        },
        {
            "countryId": 83,
            "countryName": "Ghana",
            "phoneCode": "233",
            "sortName": "GH",
            "iso3": "GHA",
            "capital": "Accra",
            "currency": "GHS",
            "subregion": "Western Africa"
        },
        {
            "countryId": 84,
            "countryName": "Gibraltar",
            "phoneCode": "350",
            "sortName": "GI",
            "iso3": "GIB",
            "capital": "Gibraltar",
            "currency": "GIP",
            "subregion": "Southern Europe"
        },
        {
            "countryId": 85,
            "countryName": "Greece",
            "phoneCode": "30",
            "sortName": "GR",
            "iso3": "GRC",
            "capital": "Athens",
            "currency": "EUR",
            "subregion": "Southern Europe"
        },
        {
            "countryId": 86,
            "countryName": "Greenland",
            "phoneCode": "299",
            "sortName": "GL",
            "iso3": "GRL",
            "capital": "Nuuk",
            "currency": "DKK",
            "subregion": "Northern America"
        },
        {
            "countryId": 87,
            "countryName": "Grenada",
            "phoneCode": "1473",
            "sortName": "GD",
            "iso3": null,
            "capital": null,
            "currency": null,
            "subregion": null
        },
        {
            "countryId": 88,
            "countryName": "Guadeloupe",
            "phoneCode": "590",
            "sortName": "GP",
            "iso3": "GLP",
            "capital": "Basse-Terre",
            "currency": "EUR",
            "subregion": "Caribbean"
        },
        {
            "countryId": 89,
            "countryName": "Guam",
            "phoneCode": "1671",
            "sortName": "GU",
            "iso3": null,
            "capital": null,
            "currency": null,
            "subregion": null
        },
        {
            "countryId": 90,
            "countryName": "Guatemala",
            "phoneCode": "502",
            "sortName": "GT",
            "iso3": "GTM",
            "capital": "Guatemala City",
            "currency": "GTQ",
            "subregion": "Central America"
        },
        {
            "countryId": 91,
            "countryName": "Guernsey and Alderney",
            "phoneCode": "44",
            "sortName": "XU",
            "iso3": null,
            "capital": null,
            "currency": null,
            "subregion": null
        },
        {
            "countryId": 92,
            "countryName": "Guinea",
            "phoneCode": "224",
            "sortName": "GN",
            "iso3": "GIN",
            "capital": "Conakry",
            "currency": "GNF",
            "subregion": "Western Africa"
        },
        {
            "countryId": 93,
            "countryName": "Guinea-Bissau",
            "phoneCode": "245",
            "sortName": "GW",
            "iso3": "GNB",
            "capital": "Bissau",
            "currency": "XOF",
            "subregion": "Western Africa"
        },
        {
            "countryId": 94,
            "countryName": "Guyana",
            "phoneCode": "592",
            "sortName": "GY",
            "iso3": "GUY",
            "capital": "Georgetown",
            "currency": "GYD",
            "subregion": "South America"
        },
        {
            "countryId": 95,
            "countryName": "Haiti",
            "phoneCode": "509",
            "sortName": "HT",
            "iso3": "HTI",
            "capital": "Port-au-Prince",
            "currency": "HTG",
            "subregion": "Caribbean"
        },
        {
            "countryId": 96,
            "countryName": "Heard and McDonald Islands",
            "phoneCode": "0",
            "sortName": "HM",
            "iso3": null,
            "capital": null,
            "currency": null,
            "subregion": null
        },
        {
            "countryId": 97,
            "countryName": "Honduras",
            "phoneCode": "504",
            "sortName": "HN",
            "iso3": "HND",
            "capital": "Tegucigalpa",
            "currency": "HNL",
            "subregion": "Central America"
        },
        {
            "countryId": 98,
            "countryName": "Hong Kong S.A.R.",
            "phoneCode": "852",
            "sortName": "HK",
            "iso3": "HKG",
            "capital": "Hong Kong",
            "currency": "HKD",
            "subregion": "Eastern Asia"
        },
        {
            "countryId": 99,
            "countryName": "Hungary",
            "phoneCode": "36",
            "sortName": "HU",
            "iso3": "HUN",
            "capital": "Budapest",
            "currency": "HUF",
            "subregion": "Eastern Europe"
        },
        {
            "countryId": 100,
            "countryName": "Iceland",
            "phoneCode": "354",
            "sortName": "IS",
            "iso3": "ISL",
            "capital": "Reykjavik",
            "currency": "ISK",
            "subregion": "Northern Europe"
        },
        {
            "countryId": 101,
            "countryName": "India",
            "phoneCode": "91",
            "sortName": "IN",
            "iso3": "IND",
            "capital": "New Delhi",
            "currency": "INR",
            "subregion": "Southern Asia"
        },
        {
            "countryId": 102,
            "countryName": "Indonesia",
            "phoneCode": "62",
            "sortName": "ID",
            "iso3": "IDN",
            "capital": "Jakarta",
            "currency": "IDR",
            "subregion": "South-Eastern Asia"
        },
        {
            "countryId": 103,
            "countryName": "Iran",
            "phoneCode": "98",
            "sortName": "IR",
            "iso3": "IRN",
            "capital": "Tehran",
            "currency": "IRR",
            "subregion": "Southern Asia"
        },
        {
            "countryId": 104,
            "countryName": "Iraq",
            "phoneCode": "964",
            "sortName": "IQ",
            "iso3": "IRQ",
            "capital": "Baghdad",
            "currency": "IQD",
            "subregion": "Western Asia"
        },
        {
            "countryId": 105,
            "countryName": "Ireland",
            "phoneCode": "353",
            "sortName": "IE",
            "iso3": "IRL",
            "capital": "Dublin",
            "currency": "EUR",
            "subregion": "Northern Europe"
        },
        {
            "countryId": 106,
            "countryName": "Israel",
            "phoneCode": "972",
            "sortName": "IL",
            "iso3": "ISR",
            "capital": "Jerusalem",
            "currency": "ILS",
            "subregion": "Western Asia"
        },
        {
            "countryId": 107,
            "countryName": "Italy",
            "phoneCode": "39",
            "sortName": "IT",
            "iso3": "ITA",
            "capital": "Rome",
            "currency": "EUR",
            "subregion": "Southern Europe"
        },
        {
            "countryId": 108,
            "countryName": "Jamaica",
            "phoneCode": "1876",
            "sortName": "JM",
            "iso3": null,
            "capital": null,
            "currency": null,
            "subregion": null
        },
        {
            "countryId": 109,
            "countryName": "Japan",
            "phoneCode": "81",
            "sortName": "JP",
            "iso3": "JPN",
            "capital": "Tokyo",
            "currency": "JPY",
            "subregion": "Eastern Asia"
        },
        {
            "countryId": 110,
            "countryName": "Jersey",
            "phoneCode": "44",
            "sortName": "XJ",
            "iso3": null,
            "capital": null,
            "currency": null,
            "subregion": null
        },
        {
            "countryId": 111,
            "countryName": "Jordan",
            "phoneCode": "962",
            "sortName": "JO",
            "iso3": "JOR",
            "capital": "Amman",
            "currency": "JOD",
            "subregion": "Western Asia"
        },
        {
            "countryId": 112,
            "countryName": "Kazakhstan",
            "phoneCode": "7",
            "sortName": "KZ",
            "iso3": "KAZ",
            "capital": "Astana",
            "currency": "KZT",
            "subregion": "Central Asia"
        },
        {
            "countryId": 113,
            "countryName": "Kenya",
            "phoneCode": "254",
            "sortName": "KE",
            "iso3": "KEN",
            "capital": "Nairobi",
            "currency": "KES",
            "subregion": "Eastern Africa"
        },
        {
            "countryId": 114,
            "countryName": "Kiribati",
            "phoneCode": "686",
            "sortName": "KI",
            "iso3": "KIR",
            "capital": "Tarawa",
            "currency": "AUD",
            "subregion": "Micronesia"
        },
        {
            "countryId": 115,
            "countryName": "Korea North",
            "phoneCode": "850",
            "sortName": "KP",
            "iso3": "PRK",
            "capital": "Pyongyang",
            "currency": "KPW",
            "subregion": "Eastern Asia"
        },
        {
            "countryId": 116,
            "countryName": "Korea South",
            "phoneCode": "82",
            "sortName": "KR",
            "iso3": "KOR",
            "capital": "Seoul",
            "currency": "KRW",
            "subregion": "Eastern Asia"
        },
        {
            "countryId": 117,
            "countryName": "Kuwait",
            "phoneCode": "965",
            "sortName": "KW",
            "iso3": "KWT",
            "capital": "Kuwait City",
            "currency": "KWD",
            "subregion": "Western Asia"
        },
        {
            "countryId": 118,
            "countryName": "Kyrgyzstan",
            "phoneCode": "996",
            "sortName": "KG",
            "iso3": "KGZ",
            "capital": "Bishkek",
            "currency": "KGS",
            "subregion": "Central Asia"
        },
        {
            "countryId": 119,
            "countryName": "Laos",
            "phoneCode": "856",
            "sortName": "LA",
            "iso3": "LAO",
            "capital": "Vientiane",
            "currency": "LAK",
            "subregion": "South-Eastern Asia"
        },
        {
            "countryId": 120,
            "countryName": "Latvia",
            "phoneCode": "371",
            "sortName": "LV",
            "iso3": "LVA",
            "capital": "Riga",
            "currency": "EUR",
            "subregion": "Northern Europe"
        },
        {
            "countryId": 121,
            "countryName": "Lebanon",
            "phoneCode": "961",
            "sortName": "LB",
            "iso3": "LBN",
            "capital": "Beirut",
            "currency": "LBP",
            "subregion": "Western Asia"
        },
        {
            "countryId": 122,
            "countryName": "Lesotho",
            "phoneCode": "266",
            "sortName": "LS",
            "iso3": "LSO",
            "capital": "Maseru",
            "currency": "LSL",
            "subregion": "Southern Africa"
        },
        {
            "countryId": 123,
            "countryName": "Liberia",
            "phoneCode": "231",
            "sortName": "LR",
            "iso3": "LBR",
            "capital": "Monrovia",
            "currency": "LRD",
            "subregion": "Western Africa"
        },
        {
            "countryId": 124,
            "countryName": "Libya",
            "phoneCode": "218",
            "sortName": "LY",
            "iso3": "LBY",
            "capital": "Tripolis",
            "currency": "LYD",
            "subregion": "Northern Africa"
        },
        {
            "countryId": 125,
            "countryName": "Liechtenstein",
            "phoneCode": "423",
            "sortName": "LI",
            "iso3": "LIE",
            "capital": "Vaduz",
            "currency": "CHF",
            "subregion": "Western Europe"
        },
        {
            "countryId": 126,
            "countryName": "Lithuania",
            "phoneCode": "370",
            "sortName": "LT",
            "iso3": "LTU",
            "capital": "Vilnius",
            "currency": "EUR",
            "subregion": "Northern Europe"
        },
        {
            "countryId": 127,
            "countryName": "Luxembourg",
            "phoneCode": "352",
            "sortName": "LU",
            "iso3": "LUX",
            "capital": "Luxembourg",
            "currency": "EUR",
            "subregion": "Western Europe"
        },
        {
            "countryId": 128,
            "countryName": "Macau S.A.R.",
            "phoneCode": "853",
            "sortName": "MO",
            "iso3": "MAC",
            "capital": "Macao",
            "currency": "MOP",
            "subregion": "Eastern Asia"
        },
        {
            "countryId": 129,
            "countryName": "Macedonia",
            "phoneCode": "389",
            "sortName": "MK",
            "iso3": "MKD",
            "capital": "Skopje",
            "currency": "MKD",
            "subregion": "Southern Europe"
        },
        {
            "countryId": 130,
            "countryName": "Madagascar",
            "phoneCode": "261",
            "sortName": "MG",
            "iso3": "MDG",
            "capital": "Antananarivo",
            "currency": "MGA",
            "subregion": "Eastern Africa"
        },
        {
            "countryId": 131,
            "countryName": "Malawi",
            "phoneCode": "265",
            "sortName": "MW",
            "iso3": "MWI",
            "capital": "Lilongwe",
            "currency": "MWK",
            "subregion": "Eastern Africa"
        },
        {
            "countryId": 132,
            "countryName": "Malaysia",
            "phoneCode": "60",
            "sortName": "MY",
            "iso3": "MYS",
            "capital": "Kuala Lumpur",
            "currency": "MYR",
            "subregion": "South-Eastern Asia"
        },
        {
            "countryId": 133,
            "countryName": "Maldives",
            "phoneCode": "960",
            "sortName": "MV",
            "iso3": "MDV",
            "capital": "Male",
            "currency": "MVR",
            "subregion": "Southern Asia"
        },
        {
            "countryId": 134,
            "countryName": "Mali",
            "phoneCode": "223",
            "sortName": "ML",
            "iso3": "MLI",
            "capital": "Bamako",
            "currency": "XOF",
            "subregion": "Western Africa"
        },
        {
            "countryId": 135,
            "countryName": "Malta",
            "phoneCode": "356",
            "sortName": "MT",
            "iso3": "MLT",
            "capital": "Valletta",
            "currency": "EUR",
            "subregion": "Southern Europe"
        },
        {
            "countryId": 136,
            "countryName": "Man (Isle of)",
            "phoneCode": "44",
            "sortName": "XM",
            "iso3": null,
            "capital": null,
            "currency": null,
            "subregion": null
        },
        {
            "countryId": 137,
            "countryName": "Marshall Islands",
            "phoneCode": "692",
            "sortName": "MH",
            "iso3": "MHL",
            "capital": "Majuro",
            "currency": "USD",
            "subregion": "Micronesia"
        },
        {
            "countryId": 138,
            "countryName": "Martinique",
            "phoneCode": "596",
            "sortName": "MQ",
            "iso3": "MTQ",
            "capital": "Fort-de-France",
            "currency": "EUR",
            "subregion": "Caribbean"
        },
        {
            "countryId": 139,
            "countryName": "Mauritania",
            "phoneCode": "222",
            "sortName": "MR",
            "iso3": "MRT",
            "capital": "Nouakchott",
            "currency": "MRO",
            "subregion": "Western Africa"
        },
        {
            "countryId": 140,
            "countryName": "Mauritius",
            "phoneCode": "230",
            "sortName": "MU",
            "iso3": "MUS",
            "capital": "Port Louis",
            "currency": "MUR",
            "subregion": "Eastern Africa"
        },
        {
            "countryId": 141,
            "countryName": "Mayotte",
            "phoneCode": "269",
            "sortName": "YT",
            "iso3": null,
            "capital": null,
            "currency": null,
            "subregion": null
        },
        {
            "countryId": 142,
            "countryName": "Mexico",
            "phoneCode": "52",
            "sortName": "MX",
            "iso3": "MEX",
            "capital": "Mexico City",
            "currency": "MXN",
            "subregion": "Central America"
        },
        {
            "countryId": 143,
            "countryName": "Micronesia",
            "phoneCode": "691",
            "sortName": "FM",
            "iso3": "FSM",
            "capital": "Palikir",
            "currency": "USD",
            "subregion": "Micronesia"
        },
        {
            "countryId": 144,
            "countryName": "Moldova",
            "phoneCode": "373",
            "sortName": "MD",
            "iso3": "MDA",
            "capital": "Chisinau",
            "currency": "MDL",
            "subregion": "Eastern Europe"
        },
        {
            "countryId": 145,
            "countryName": "Monaco",
            "phoneCode": "377",
            "sortName": "MC",
            "iso3": "MCO",
            "capital": "Monaco",
            "currency": "EUR",
            "subregion": "Western Europe"
        },
        {
            "countryId": 146,
            "countryName": "Mongolia",
            "phoneCode": "976",
            "sortName": "MN",
            "iso3": "MNG",
            "capital": "Ulan Bator",
            "currency": "MNT",
            "subregion": "Eastern Asia"
        },
        {
            "countryId": 147,
            "countryName": "Montserrat",
            "phoneCode": "1664",
            "sortName": "MS",
            "iso3": null,
            "capital": null,
            "currency": null,
            "subregion": null
        },
        {
            "countryId": 148,
            "countryName": "Morocco",
            "phoneCode": "212",
            "sortName": "MA",
            "iso3": "MAR",
            "capital": "Rabat",
            "currency": "MAD",
            "subregion": "Northern Africa"
        },
        {
            "countryId": 149,
            "countryName": "Mozambique",
            "phoneCode": "258",
            "sortName": "MZ",
            "iso3": "MOZ",
            "capital": "Maputo",
            "currency": "MZN",
            "subregion": "Eastern Africa"
        },
        {
            "countryId": 150,
            "countryName": "Myanmar",
            "phoneCode": "95",
            "sortName": "MM",
            "iso3": "MMR",
            "capital": "Nay Pyi Taw",
            "currency": "MMK",
            "subregion": "South-Eastern Asia"
        },
        {
            "countryId": 151,
            "countryName": "Namibia",
            "phoneCode": "264",
            "sortName": "NA",
            "iso3": "NAM",
            "capital": "Windhoek",
            "currency": "NAD",
            "subregion": "Southern Africa"
        },
        {
            "countryId": 152,
            "countryName": "Nauru",
            "phoneCode": "674",
            "sortName": "NR",
            "iso3": "NRU",
            "capital": "Yaren",
            "currency": "AUD",
            "subregion": "Micronesia"
        },
        {
            "countryId": 153,
            "countryName": "Nepal",
            "phoneCode": "977",
            "sortName": "NP",
            "iso3": "NPL",
            "capital": "Kathmandu",
            "currency": "NPR",
            "subregion": "Southern Asia"
        },
        {
            "countryId": 154,
            "countryName": "Netherlands Antilles",
            "phoneCode": "599",
            "sortName": "AN",
            "iso3": null,
            "capital": null,
            "currency": null,
            "subregion": null
        },
        {
            "countryId": 155,
            "countryName": "Netherlands The",
            "phoneCode": "31",
            "sortName": "NL",
            "iso3": "NLD",
            "capital": "Amsterdam",
            "currency": "EUR",
            "subregion": "Western Europe"
        },
        {
            "countryId": 156,
            "countryName": "New Caledonia",
            "phoneCode": "687",
            "sortName": "NC",
            "iso3": "NCL",
            "capital": "Noumea",
            "currency": "XPF",
            "subregion": "Melanesia"
        },
        {
            "countryId": 157,
            "countryName": "New Zealand",
            "phoneCode": "64",
            "sortName": "NZ",
            "iso3": "NZL",
            "capital": "Wellington",
            "currency": "NZD",
            "subregion": "Australia and New Zealand"
        },
        {
            "countryId": 158,
            "countryName": "Nicaragua",
            "phoneCode": "505",
            "sortName": "NI",
            "iso3": "NIC",
            "capital": "Managua",
            "currency": "NIO",
            "subregion": "Central America"
        },
        {
            "countryId": 159,
            "countryName": "Niger",
            "phoneCode": "227",
            "sortName": "NE",
            "iso3": "NER",
            "capital": "Niamey",
            "currency": "XOF",
            "subregion": "Western Africa"
        },
        {
            "countryId": 160,
            "countryName": "Nigeria",
            "phoneCode": "234",
            "sortName": "NG",
            "iso3": "NGA",
            "capital": "Abuja",
            "currency": "NGN",
            "subregion": "Western Africa"
        },
        {
            "countryId": 161,
            "countryName": "Niue",
            "phoneCode": "683",
            "sortName": "NU",
            "iso3": "NIU",
            "capital": "Alofi",
            "currency": "NZD",
            "subregion": "Polynesia"
        },
        {
            "countryId": 162,
            "countryName": "Norfolk Island",
            "phoneCode": "672",
            "sortName": "NF",
            "iso3": "NFK",
            "capital": "Kingston",
            "currency": "AUD",
            "subregion": "Australia and New Zealand"
        },
        {
            "countryId": 163,
            "countryName": "Northern Mariana Islands",
            "phoneCode": "1670",
            "sortName": "MP",
            "iso3": null,
            "capital": null,
            "currency": null,
            "subregion": null
        },
        {
            "countryId": 164,
            "countryName": "Norway",
            "phoneCode": "47",
            "sortName": "NO",
            "iso3": "NOR",
            "capital": "Oslo",
            "currency": "NOK",
            "subregion": "Northern Europe"
        },
        {
            "countryId": 165,
            "countryName": "Oman",
            "phoneCode": "968",
            "sortName": "OM",
            "iso3": "OMN",
            "capital": "Muscat",
            "currency": "OMR",
            "subregion": "Western Asia"
        },
        {
            "countryId": 166,
            "countryName": "Pakistan",
            "phoneCode": "92",
            "sortName": "PK",
            "iso3": "PAK",
            "capital": "Islamabad",
            "currency": "PKR",
            "subregion": "Southern Asia"
        },
        {
            "countryId": 167,
            "countryName": "Palau",
            "phoneCode": "680",
            "sortName": "PW",
            "iso3": "PLW",
            "capital": "Melekeok",
            "currency": "USD",
            "subregion": "Micronesia"
        },
        {
            "countryId": 168,
            "countryName": "Palestinian Territory Occupied",
            "phoneCode": "970",
            "sortName": "PS",
            "iso3": "PSE",
            "capital": "East Jerusalem",
            "currency": "ILS",
            "subregion": "Western Asia"
        },
        {
            "countryId": 169,
            "countryName": "Panama",
            "phoneCode": "507",
            "sortName": "PA",
            "iso3": "PAN",
            "capital": "Panama City",
            "currency": "PAB",
            "subregion": "Central America"
        },
        {
            "countryId": 170,
            "countryName": "Papua new Guinea",
            "phoneCode": "675",
            "sortName": "PG",
            "iso3": "PNG",
            "capital": "Port Moresby",
            "currency": "PGK",
            "subregion": "Melanesia"
        },
        {
            "countryId": 171,
            "countryName": "Paraguay",
            "phoneCode": "595",
            "sortName": "PY",
            "iso3": "PRY",
            "capital": "Asuncion",
            "currency": "PYG",
            "subregion": "South America"
        },
        {
            "countryId": 172,
            "countryName": "Peru",
            "phoneCode": "51",
            "sortName": "PE",
            "iso3": "PER",
            "capital": "Lima",
            "currency": "PEN",
            "subregion": "South America"
        },
        {
            "countryId": 173,
            "countryName": "Philippines",
            "phoneCode": "63",
            "sortName": "PH",
            "iso3": "PHL",
            "capital": "Manila",
            "currency": "PHP",
            "subregion": "South-Eastern Asia"
        },
        {
            "countryId": 174,
            "countryName": "Pitcairn Island",
            "phoneCode": "0",
            "sortName": "PN",
            "iso3": null,
            "capital": null,
            "currency": null,
            "subregion": null
        },
        {
            "countryId": 175,
            "countryName": "Poland",
            "phoneCode": "48",
            "sortName": "PL",
            "iso3": "POL",
            "capital": "Warsaw",
            "currency": "PLN",
            "subregion": "Eastern Europe"
        },
        {
            "countryId": 176,
            "countryName": "Portugal",
            "phoneCode": "351",
            "sortName": "PT",
            "iso3": "PRT",
            "capital": "Lisbon",
            "currency": "EUR",
            "subregion": "Southern Europe"
        },
        {
            "countryId": 177,
            "countryName": "Puerto Rico",
            "phoneCode": "1787",
            "sortName": "PR",
            "iso3": null,
            "capital": null,
            "currency": null,
            "subregion": null
        },
        {
            "countryId": 178,
            "countryName": "Qatar",
            "phoneCode": "974",
            "sortName": "QA",
            "iso3": "QAT",
            "capital": "Doha",
            "currency": "QAR",
            "subregion": "Western Asia"
        },
        {
            "countryId": 179,
            "countryName": "Reunion",
            "phoneCode": "262",
            "sortName": "RE",
            "iso3": "REU",
            "capital": "Saint-Denis",
            "currency": "EUR",
            "subregion": "Eastern Africa"
        },
        {
            "countryId": 180,
            "countryName": "Romania",
            "phoneCode": "40",
            "sortName": "RO",
            "iso3": "ROU",
            "capital": "Bucharest",
            "currency": "RON",
            "subregion": "Eastern Europe"
        },
        {
            "countryId": 181,
            "countryName": "Russia",
            "phoneCode": "70",
            "sortName": "RU",
            "iso3": null,
            "capital": null,
            "currency": null,
            "subregion": null
        },
        {
            "countryId": 182,
            "countryName": "Rwanda",
            "phoneCode": "250",
            "sortName": "RW",
            "iso3": "RWA",
            "capital": "Kigali",
            "currency": "RWF",
            "subregion": "Eastern Africa"
        },
        {
            "countryId": 183,
            "countryName": "Saint Helena",
            "phoneCode": "290",
            "sortName": "SH",
            "iso3": "SHN",
            "capital": "Jamestown",
            "currency": "SHP",
            "subregion": "Western Africa"
        },
        {
            "countryId": 184,
            "countryName": "Saint Kitts And Nevis",
            "phoneCode": "1869",
            "sortName": "KN",
            "iso3": null,
            "capital": null,
            "currency": null,
            "subregion": null
        },
        {
            "countryId": 185,
            "countryName": "Saint Lucia",
            "phoneCode": "1758",
            "sortName": "LC",
            "iso3": null,
            "capital": null,
            "currency": null,
            "subregion": null
        },
        {
            "countryId": 186,
            "countryName": "Saint Pierre and Miquelon",
            "phoneCode": "508",
            "sortName": "PM",
            "iso3": "SPM",
            "capital": "Saint-Pierre",
            "currency": "EUR",
            "subregion": "Northern America"
        },
        {
            "countryId": 187,
            "countryName": "Saint Vincent And The Grenadines",
            "phoneCode": "1784",
            "sortName": "VC",
            "iso3": null,
            "capital": null,
            "currency": null,
            "subregion": null
        },
        {
            "countryId": 188,
            "countryName": "Samoa",
            "phoneCode": "684",
            "sortName": "WS",
            "iso3": null,
            "capital": null,
            "currency": null,
            "subregion": null
        },
        {
            "countryId": 189,
            "countryName": "San Marino",
            "phoneCode": "378",
            "sortName": "SM",
            "iso3": "SMR",
            "capital": "San Marino",
            "currency": "EUR",
            "subregion": "Southern Europe"
        },
        {
            "countryId": 190,
            "countryName": "Sao Tome and Principe",
            "phoneCode": "239",
            "sortName": "ST",
            "iso3": "STP",
            "capital": "Sao Tome",
            "currency": "STD",
            "subregion": "Middle Africa"
        },
        {
            "countryId": 191,
            "countryName": "Saudi Arabia",
            "phoneCode": "966",
            "sortName": "SA",
            "iso3": "SAU",
            "capital": "Riyadh",
            "currency": "SAR",
            "subregion": "Western Asia"
        },
        {
            "countryId": 192,
            "countryName": "Senegal",
            "phoneCode": "221",
            "sortName": "SN",
            "iso3": "SEN",
            "capital": "Dakar",
            "currency": "XOF",
            "subregion": "Western Africa"
        },
        {
            "countryId": 193,
            "countryName": "Serbia",
            "phoneCode": "381",
            "sortName": "RS",
            "iso3": "SRB",
            "capital": "Belgrade",
            "currency": "RSD",
            "subregion": "Southern Europe"
        },
        {
            "countryId": 194,
            "countryName": "Seychelles",
            "phoneCode": "248",
            "sortName": "SC",
            "iso3": "SYC",
            "capital": "Victoria",
            "currency": "SCR",
            "subregion": "Eastern Africa"
        },
        {
            "countryId": 195,
            "countryName": "Sierra Leone",
            "phoneCode": "232",
            "sortName": "SL",
            "iso3": "SLE",
            "capital": "Freetown",
            "currency": "SLL",
            "subregion": "Western Africa"
        },
        {
            "countryId": 196,
            "countryName": "Singapore",
            "phoneCode": "65",
            "sortName": "SG",
            "iso3": "SGP",
            "capital": "Singapur",
            "currency": "SGD",
            "subregion": "South-Eastern Asia"
        },
        {
            "countryId": 197,
            "countryName": "Slovakia",
            "phoneCode": "421",
            "sortName": "SK",
            "iso3": "SVK",
            "capital": "Bratislava",
            "currency": "EUR",
            "subregion": "Eastern Europe"
        },
        {
            "countryId": 198,
            "countryName": "Slovenia",
            "phoneCode": "386",
            "sortName": "SI",
            "iso3": "SVN",
            "capital": "Ljubljana",
            "currency": "EUR",
            "subregion": "Southern Europe"
        },
        {
            "countryId": 199,
            "countryName": "Smaller Territories of the UK",
            "phoneCode": "44",
            "sortName": "XG",
            "iso3": null,
            "capital": null,
            "currency": null,
            "subregion": null
        },
        {
            "countryId": 200,
            "countryName": "Solomon Islands",
            "phoneCode": "677",
            "sortName": "SB",
            "iso3": "SLB",
            "capital": "Honiara",
            "currency": "SBD",
            "subregion": "Melanesia"
        },
        {
            "countryId": 201,
            "countryName": "Somalia",
            "phoneCode": "252",
            "sortName": "SO",
            "iso3": "SOM",
            "capital": "Mogadishu",
            "currency": "SOS",
            "subregion": "Eastern Africa"
        },
        {
            "countryId": 202,
            "countryName": "South Africa",
            "phoneCode": "27",
            "sortName": "ZA",
            "iso3": "ZAF",
            "capital": "Pretoria",
            "currency": "ZAR",
            "subregion": "Southern Africa"
        },
        {
            "countryId": 203,
            "countryName": "South Georgia",
            "phoneCode": "0",
            "sortName": "GS",
            "iso3": "SGS",
            "capital": "Grytviken",
            "currency": "GBP",
            "subregion": "South America"
        },
        {
            "countryId": 204,
            "countryName": "South Sudan",
            "phoneCode": "211",
            "sortName": "SS",
            "iso3": "SSD",
            "capital": "Juba",
            "currency": "SSP",
            "subregion": "Middle Africa"
        },
        {
            "countryId": 205,
            "countryName": "Spain",
            "phoneCode": "34",
            "sortName": "ES",
            "iso3": "ESP",
            "capital": "Madrid",
            "currency": "EUR",
            "subregion": "Southern Europe"
        },
        {
            "countryId": 206,
            "countryName": "Sri Lanka",
            "phoneCode": "94",
            "sortName": "LK",
            "iso3": "LKA",
            "capital": "Colombo",
            "currency": "LKR",
            "subregion": "Southern Asia"
        },
        {
            "countryId": 207,
            "countryName": "Sudan",
            "phoneCode": "249",
            "sortName": "SD",
            "iso3": "SDN",
            "capital": "Khartoum",
            "currency": "SDG",
            "subregion": "Northern Africa"
        },
        {
            "countryId": 208,
            "countryName": "Suriname",
            "phoneCode": "597",
            "sortName": "SR",
            "iso3": "SUR",
            "capital": "Paramaribo",
            "currency": "SRD",
            "subregion": "South America"
        },
        {
            "countryId": 209,
            "countryName": "Svalbard And Jan Mayen Islands",
            "phoneCode": "47",
            "sortName": "SJ",
            "iso3": "SJM",
            "capital": "Longyearbyen",
            "currency": "NOK",
            "subregion": "Northern Europe"
        },
        {
            "countryId": 210,
            "countryName": "Swaziland",
            "phoneCode": "268",
            "sortName": "SZ",
            "iso3": "SWZ",
            "capital": "Mbabane",
            "currency": "SZL",
            "subregion": "Southern Africa"
        },
        {
            "countryId": 211,
            "countryName": "Sweden",
            "phoneCode": "46",
            "sortName": "SE",
            "iso3": "SWE",
            "capital": "Stockholm",
            "currency": "SEK",
            "subregion": "Northern Europe"
        },
        {
            "countryId": 212,
            "countryName": "Switzerland",
            "phoneCode": "41",
            "sortName": "CH",
            "iso3": "CHE",
            "capital": "Berne",
            "currency": "CHF",
            "subregion": "Western Europe"
        },
        {
            "countryId": 213,
            "countryName": "Syria",
            "phoneCode": "963",
            "sortName": "SY",
            "iso3": "SYR",
            "capital": "Damascus",
            "currency": "SYP",
            "subregion": "Western Asia"
        },
        {
            "countryId": 214,
            "countryName": "Taiwan",
            "phoneCode": "886",
            "sortName": "TW",
            "iso3": "TWN",
            "capital": "Taipei",
            "currency": "TWD",
            "subregion": "Eastern Asia"
        },
        {
            "countryId": 215,
            "countryName": "Tajikistan",
            "phoneCode": "992",
            "sortName": "TJ",
            "iso3": "TJK",
            "capital": "Dushanbe",
            "currency": "TJS",
            "subregion": "Central Asia"
        },
        {
            "countryId": 216,
            "countryName": "Tanzania",
            "phoneCode": "255",
            "sortName": "TZ",
            "iso3": "TZA",
            "capital": "Dodoma",
            "currency": "TZS",
            "subregion": "Eastern Africa"
        },
        {
            "countryId": 217,
            "countryName": "Thailand",
            "phoneCode": "66",
            "sortName": "TH",
            "iso3": "THA",
            "capital": "Bangkok",
            "currency": "THB",
            "subregion": "South-Eastern Asia"
        },
        {
            "countryId": 218,
            "countryName": "Togo",
            "phoneCode": "228",
            "sortName": "TG",
            "iso3": "TGO",
            "capital": "Lome",
            "currency": "XOF",
            "subregion": "Western Africa"
        },
        {
            "countryId": 219,
            "countryName": "Tokelau",
            "phoneCode": "690",
            "sortName": "TK",
            "iso3": "TKL",
            "capital": "",
            "currency": "NZD",
            "subregion": "Polynesia"
        },
        {
            "countryId": 220,
            "countryName": "Tonga",
            "phoneCode": "676",
            "sortName": "TO",
            "iso3": "TON",
            "capital": "Nuku'alofa",
            "currency": "TOP",
            "subregion": "Polynesia"
        },
        {
            "countryId": 221,
            "countryName": "Trinidad And Tobago",
            "phoneCode": "1868",
            "sortName": "TT",
            "iso3": null,
            "capital": null,
            "currency": null,
            "subregion": null
        },
        {
            "countryId": 222,
            "countryName": "Tunisia",
            "phoneCode": "216",
            "sortName": "TN",
            "iso3": "TUN",
            "capital": "Tunis",
            "currency": "TND",
            "subregion": "Northern Africa"
        },
        {
            "countryId": 223,
            "countryName": "Turkey",
            "phoneCode": "90",
            "sortName": "TR",
            "iso3": "TUR",
            "capital": "Ankara",
            "currency": "TRY",
            "subregion": "Western Asia"
        },
        {
            "countryId": 224,
            "countryName": "Turkmenistan",
            "phoneCode": "7370",
            "sortName": "TM",
            "iso3": null,
            "capital": null,
            "currency": null,
            "subregion": null
        },
        {
            "countryId": 225,
            "countryName": "Turks And Caicos Islands",
            "phoneCode": "1649",
            "sortName": "TC",
            "iso3": null,
            "capital": null,
            "currency": null,
            "subregion": null
        },
        {
            "countryId": 226,
            "countryName": "Tuvalu",
            "phoneCode": "688",
            "sortName": "TV",
            "iso3": "TUV",
            "capital": "Funafuti",
            "currency": "AUD",
            "subregion": "Polynesia"
        },
        {
            "countryId": 227,
            "countryName": "Uganda",
            "phoneCode": "256",
            "sortName": "UG",
            "iso3": "UGA",
            "capital": "Kampala",
            "currency": "UGX",
            "subregion": "Eastern Africa"
        },
        {
            "countryId": 228,
            "countryName": "Ukraine",
            "phoneCode": "380",
            "sortName": "UA",
            "iso3": "UKR",
            "capital": "Kiev",
            "currency": "UAH",
            "subregion": "Eastern Europe"
        },
        {
            "countryId": 229,
            "countryName": "United Arab Emirates",
            "phoneCode": "971",
            "sortName": "AE",
            "iso3": "ARE",
            "capital": "Abu Dhabi",
            "currency": "AED",
            "subregion": "Western Asia"
        },
        {
            "countryId": 230,
            "countryName": "United Kingdom",
            "phoneCode": "44",
            "sortName": "GB",
            "iso3": "GBR",
            "capital": "London",
            "currency": "GBP",
            "subregion": "Northern Europe"
        },
        {
            "countryId": 231,
            "countryName": "United States",
            "phoneCode": "1",
            "sortName": "US",
            "iso3": "USA",
            "capital": "Washington",
            "currency": "USD",
            "subregion": "Northern America"
        },
        {
            "countryId": 232,
            "countryName": "United States Minor Outlying Islands",
            "phoneCode": "1",
            "sortName": "UM",
            "iso3": "UMI",
            "capital": "",
            "currency": "USD",
            "subregion": "Northern America"
        },
        {
            "countryId": 233,
            "countryName": "Uruguay",
            "phoneCode": "598",
            "sortName": "UY",
            "iso3": "URY",
            "capital": "Montevideo",
            "currency": "UYU",
            "subregion": "South America"
        },
        {
            "countryId": 234,
            "countryName": "Uzbekistan",
            "phoneCode": "998",
            "sortName": "UZ",
            "iso3": "UZB",
            "capital": "Tashkent",
            "currency": "UZS",
            "subregion": "Central Asia"
        },
        {
            "countryId": 235,
            "countryName": "Vanuatu",
            "phoneCode": "678",
            "sortName": "VU",
            "iso3": "VUT",
            "capital": "Port Vila",
            "currency": "VUV",
            "subregion": "Melanesia"
        },
        {
            "countryId": 236,
            "countryName": "Vatican City State (Holy See)",
            "phoneCode": "39",
            "sortName": "VA",
            "iso3": null,
            "capital": null,
            "currency": null,
            "subregion": null
        },
        {
            "countryId": 237,
            "countryName": "Venezuela",
            "phoneCode": "58",
            "sortName": "VE",
            "iso3": "VEN",
            "capital": "Caracas",
            "currency": "VEF",
            "subregion": "South America"
        },
        {
            "countryId": 238,
            "countryName": "Vietnam",
            "phoneCode": "84",
            "sortName": "VN",
            "iso3": "VNM",
            "capital": "Hanoi",
            "currency": "VND",
            "subregion": "South-Eastern Asia"
        },
        {
            "countryId": 239,
            "countryName": "Virgin Islands (British)",
            "phoneCode": "1284",
            "sortName": "VG",
            "iso3": null,
            "capital": null,
            "currency": null,
            "subregion": null
        },
        {
            "countryId": 240,
            "countryName": "Virgin Islands (US)",
            "phoneCode": "1340",
            "sortName": "VI",
            "iso3": null,
            "capital": null,
            "currency": null,
            "subregion": null
        },
        {
            "countryId": 241,
            "countryName": "Wallis And Futuna Islands",
            "phoneCode": "681",
            "sortName": "WF",
            "iso3": "WLF",
            "capital": "Mata Utu",
            "currency": "XPF",
            "subregion": "Polynesia"
        },
        {
            "countryId": 242,
            "countryName": "Western Sahara",
            "phoneCode": "212",
            "sortName": "EH",
            "iso3": "ESH",
            "capital": "El-Aaiun",
            "currency": "MAD",
            "subregion": "Northern Africa"
        },
        {
            "countryId": 243,
            "countryName": "Yemen",
            "phoneCode": "967",
            "sortName": "YE",
            "iso3": "YEM",
            "capital": "Sanaa",
            "currency": "YER",
            "subregion": "Western Asia"
        },
        {
            "countryId": 244,
            "countryName": "Yugoslavia",
            "phoneCode": "38",
            "sortName": "YU",
            "iso3": null,
            "capital": null,
            "currency": null,
            "subregion": null
        },
        {
            "countryId": 245,
            "countryName": "Zambia",
            "phoneCode": "260",
            "sortName": "ZM",
            "iso3": "ZMB",
            "capital": "Lusaka",
            "currency": "ZMW",
            "subregion": "Eastern Africa"
        },
        {
            "countryId": 246,
            "countryName": "Zimbabwe",
            "phoneCode": "263",
            "sortName": "ZW",
            "iso3": "ZWE",
            "capital": "Harare",
            "currency": "ZWL",
            "subregion": "Eastern Africa"
        },
        {
            "countryId": 247,
            "countryName": "Aland Islands",
            "phoneCode": "358",
            "sortName": "AX",
            "iso3": "ALA",
            "capital": "Mariehamn",
            "currency": "EUR",
            "subregion": "Northern Europe"
        },
        {
            "countryId": 248,
            "countryName": "American Samoa",
            "phoneCode": "1",
            "sortName": "AS",
            "iso3": "ASM",
            "capital": "Pago Pago",
            "currency": "USD",
            "subregion": "Polynesia"
        },
        {
            "countryId": 249,
            "countryName": "Anguilla",
            "phoneCode": "1",
            "sortName": "AI",
            "iso3": "AIA",
            "capital": "The Valley",
            "currency": "XCD",
            "subregion": "Caribbean"
        },
        {
            "countryId": 250,
            "countryName": "Antigua And Barbuda",
            "phoneCode": "1",
            "sortName": "AG",
            "iso3": "ATG",
            "capital": "St. John's",
            "currency": "XCD",
            "subregion": "Caribbean"
        },
        {
            "countryId": 251,
            "countryName": "Bahamas The",
            "phoneCode": "1",
            "sortName": "BS",
            "iso3": "BHS",
            "capital": "Nassau",
            "currency": "BSD",
            "subregion": "Caribbean"
        },
        {
            "countryId": 252,
            "countryName": "Barbados",
            "phoneCode": "1",
            "sortName": "BB",
            "iso3": "BRB",
            "capital": "Bridgetown",
            "currency": "BBD",
            "subregion": "Caribbean"
        },
        {
            "countryId": 253,
            "countryName": "Bermuda",
            "phoneCode": "1",
            "sortName": "BM",
            "iso3": "BMU",
            "capital": "Hamilton",
            "currency": "BMD",
            "subregion": "Northern America"
        },
        {
            "countryId": 254,
            "countryName": "Bouvet Island",
            "phoneCode": "55",
            "sortName": "BV",
            "iso3": "BVT",
            "capital": "",
            "currency": "NOK",
            "subregion": ""
        },
        {
            "countryId": 255,
            "countryName": "Cayman Islands",
            "phoneCode": "1",
            "sortName": "KY",
            "iso3": "CYM",
            "capital": "George Town",
            "currency": "KYD",
            "subregion": "Caribbean"
        },
        {
            "countryId": 256,
            "countryName": "Cocos (Keeling) Islands",
            "phoneCode": "61",
            "sortName": "CC",
            "iso3": "CCK",
            "capital": "West Island",
            "currency": "AUD",
            "subregion": "Australia and New Zealand"
        },
        {
            "countryId": 257,
            "countryName": "Congo",
            "phoneCode": "242",
            "sortName": "CG",
            "iso3": "COG",
            "capital": "Brazzaville",
            "currency": "XAF",
            "subregion": "Middle Africa"
        },
        {
            "countryId": 258,
            "countryName": "Congo The Democratic Republic Of The",
            "phoneCode": "243",
            "sortName": "CD",
            "iso3": "COD",
            "capital": "Kinshasa",
            "currency": "CDF",
            "subregion": "Middle Africa"
        },
        {
            "countryId": 259,
            "countryName": "Dominica",
            "phoneCode": "1",
            "sortName": "DM",
            "iso3": "DMA",
            "capital": "Roseau",
            "currency": "XCD",
            "subregion": "Caribbean"
        },
        {
            "countryId": 260,
            "countryName": "Dominican Republic",
            "phoneCode": "1",
            "sortName": "DO",
            "iso3": "DOM",
            "capital": "Santo Domingo",
            "currency": "DOP",
            "subregion": "Caribbean"
        },
        {
            "countryId": 261,
            "countryName": "East Timor",
            "phoneCode": "670",
            "sortName": "TL",
            "iso3": "TLS",
            "capital": "Dili",
            "currency": "USD",
            "subregion": "South-Eastern Asia"
        },
        {
            "countryId": 262,
            "countryName": "Grenada",
            "phoneCode": "1",
            "sortName": "GD",
            "iso3": "GRD",
            "capital": "St. George's",
            "currency": "XCD",
            "subregion": "Caribbean"
        },
        {
            "countryId": 263,
            "countryName": "Guam",
            "phoneCode": "1",
            "sortName": "GU",
            "iso3": "GUM",
            "capital": "Hagatna",
            "currency": "USD",
            "subregion": "Micronesia"
        },
        {
            "countryId": 264,
            "countryName": "Guernsey and Alderney",
            "phoneCode": "44",
            "sortName": "GG",
            "iso3": "GGY",
            "capital": "St Peter Port",
            "currency": "GBP",
            "subregion": "Northern Europe"
        },
        {
            "countryId": 265,
            "countryName": "Heard Island and McDonald Islands",
            "phoneCode": "0",
            "sortName": "HM",
            "iso3": "HMD",
            "capital": "",
            "currency": "AUD",
            "subregion": ""
        },
        {
            "countryId": 266,
            "countryName": "Jamaica",
            "phoneCode": "1",
            "sortName": "JM",
            "iso3": "JAM",
            "capital": "Kingston",
            "currency": "JMD",
            "subregion": "Caribbean"
        },
        {
            "countryId": 267,
            "countryName": "Jersey",
            "phoneCode": "44",
            "sortName": "JE",
            "iso3": "JEY",
            "capital": "Saint Helier",
            "currency": "GBP",
            "subregion": "Northern Europe"
        },
        {
            "countryId": 268,
            "countryName": "Man (Isle of)",
            "phoneCode": "44",
            "sortName": "IM",
            "iso3": "IMN",
            "capital": "Douglas, Isle of Man",
            "currency": "GBP",
            "subregion": "Northern Europe"
        },
        {
            "countryId": 269,
            "countryName": "Mayotte",
            "phoneCode": "262",
            "sortName": "YT",
            "iso3": "MYT",
            "capital": "Mamoudzou",
            "currency": "EUR",
            "subregion": "Eastern Africa"
        },
        {
            "countryId": 270,
            "countryName": "Montenegro",
            "phoneCode": "382",
            "sortName": "ME",
            "iso3": "MNE",
            "capital": "Podgorica",
            "currency": "EUR",
            "subregion": "Southern Europe"
        },
        {
            "countryId": 271,
            "countryName": "Montserrat",
            "phoneCode": "1",
            "sortName": "MS",
            "iso3": "MSR",
            "capital": "Plymouth",
            "currency": "XCD",
            "subregion": "Caribbean"
        },
        {
            "countryId": 272,
            "countryName": "Bonaire, Sint Eustatius and Saba",
            "phoneCode": "599",
            "sortName": "BQ",
            "iso3": "BES",
            "capital": "Kralendijk",
            "currency": "USD",
            "subregion": "Caribbean"
        },
        {
            "countryId": 273,
            "countryName": "Northern Mariana Islands",
            "phoneCode": "1",
            "sortName": "MP",
            "iso3": "MNP",
            "capital": "Saipan",
            "currency": "USD",
            "subregion": "Micronesia"
        },
        {
            "countryId": 274,
            "countryName": "Pitcairn Island",
            "phoneCode": "870",
            "sortName": "PN",
            "iso3": "PCN",
            "capital": "Adamstown",
            "currency": "NZD",
            "subregion": "Polynesia"
        },
        {
            "countryId": 275,
            "countryName": "Puerto Rico",
            "phoneCode": "1",
            "sortName": "PR",
            "iso3": "PRI",
            "capital": "San Juan",
            "currency": "USD",
            "subregion": "Caribbean"
        },
        {
            "countryId": 276,
            "countryName": "Russia",
            "phoneCode": "7",
            "sortName": "RU",
            "iso3": "RUS",
            "capital": "Moscow",
            "currency": "RUB",
            "subregion": "Eastern Europe"
        },
        {
            "countryId": 277,
            "countryName": "Saint Kitts And Nevis",
            "phoneCode": "1",
            "sortName": "KN",
            "iso3": "KNA",
            "capital": "Basseterre",
            "currency": "XCD",
            "subregion": "Caribbean"
        },
        {
            "countryId": 278,
            "countryName": "Saint Lucia",
            "phoneCode": "1",
            "sortName": "LC",
            "iso3": "LCA",
            "capital": "Castries",
            "currency": "XCD",
            "subregion": "Caribbean"
        },
        {
            "countryId": 279,
            "countryName": "Saint Vincent And The Grenadines",
            "phoneCode": "1",
            "sortName": "VC",
            "iso3": "VCT",
            "capital": "Kingstown",
            "currency": "XCD",
            "subregion": "Caribbean"
        },
        {
            "countryId": 280,
            "countryName": "Saint-Barthelemy",
            "phoneCode": "590",
            "sortName": "BL",
            "iso3": "BLM",
            "capital": "Gustavia",
            "currency": "EUR",
            "subregion": "Caribbean"
        },
        {
            "countryId": 281,
            "countryName": "Saint-Martin (French part)",
            "phoneCode": "590",
            "sortName": "MF",
            "iso3": "MAF",
            "capital": "Marigot",
            "currency": "EUR",
            "subregion": "Caribbean"
        },
        {
            "countryId": 282,
            "countryName": "Samoa",
            "phoneCode": "685",
            "sortName": "WS",
            "iso3": "WSM",
            "capital": "Apia",
            "currency": "WST",
            "subregion": "Polynesia"
        },
        {
            "countryId": 283,
            "countryName": "Trinidad And Tobago",
            "phoneCode": "1",
            "sortName": "TT",
            "iso3": "TTO",
            "capital": "Port of Spain",
            "currency": "TTD",
            "subregion": "Caribbean"
        },
        {
            "countryId": 284,
            "countryName": "Turkmenistan",
            "phoneCode": "993",
            "sortName": "TM",
            "iso3": "TKM",
            "capital": "Ashgabat",
            "currency": "TMT",
            "subregion": "Central Asia"
        },
        {
            "countryId": 285,
            "countryName": "Turks And Caicos Islands",
            "phoneCode": "1",
            "sortName": "TC",
            "iso3": "TCA",
            "capital": "Cockburn Town",
            "currency": "USD",
            "subregion": "Caribbean"
        },
        {
            "countryId": 286,
            "countryName": "Vatican City State (Holy See)",
            "phoneCode": "379",
            "sortName": "VA",
            "iso3": "VAT",
            "capital": "Vatican City",
            "currency": "EUR",
            "subregion": "Southern Europe"
        },
        {
            "countryId": 287,
            "countryName": "Virgin Islands (British)",
            "phoneCode": "1",
            "sortName": "VG",
            "iso3": "VGB",
            "capital": "Road Town",
            "currency": "USD",
            "subregion": "Caribbean"
        },
        {
            "countryId": 288,
            "countryName": "Virgin Islands (US)",
            "phoneCode": "1",
            "sortName": "VI",
            "iso3": "VIR",
            "capital": "Charlotte Amalie",
            "currency": "USD",
            "subregion": "Caribbean"
        },
        {
            "countryId": 289,
            "countryName": "Kosovo",
            "phoneCode": "383",
            "sortName": "XK",
            "iso3": "XKX",
            "capital": "Pristina",
            "currency": "EUR",
            "subregion": "Eastern Europe"
        },
        {
            "countryId": 290,
            "countryName": "Curaçao",
            "phoneCode": "599",
            "sortName": "CW",
            "iso3": "CUW",
            "capital": "Willemstad",
            "currency": "ANG",
            "subregion": "Caribbean"
        },
        {
            "countryId": 291,
            "countryName": "Sint Maarten (Dutch part)",
            "phoneCode": "1721",
            "sortName": "SX",
            "iso3": "SXM",
            "capital": "Philipsburg",
            "currency": "ANG",
            "subregion": "Caribbean"
        }
    ]
