[
    {
        "questionId": 1,
        "subjectiveQuestion": "Reason for leaving company?",
        "objectiveQuestion": null,
        "radioQuestionComment": null,
        "isDefault":true,
        "company":null
    },
    {
        "questionId": 2,
        "subjectiveQuestion": "What circumstance handle have presented your department?",
        "objectiveQuestion": null,
        "radioQuestionComment": null,
        "isDefault":true,
        "company":null
    },
    {
        "questionId": 3,
        "subjectiveQuestion": "What did you like the most about your job?",
        "objectiveQuestion": null,
        "radioQuestionComment": null,
        "isDefault":true,
        "company":null
    },
    {
        "questionId": 4,
        "subjectiveQuestion": "What did you like the least about your job?",
        "objectiveQuestion": null,
        "radioQuestionComment": null,
        "isDefault":true,
        "company":null
    },
    {
        "questionId": 5,
        "subjectiveQuestion": null,
        "objectiveQuestion": "Was constantly fair",
        "radioQuestionComment": null,
        "isDefault":true,
        "company":null
    },
    {
        "questionId": 6,
        "subjectiveQuestion": null,
        "objectiveQuestion": "Provide recognition",
        "radioQuestionComment": null,
        "isDefault":true,
        "company":null
    },
    {
        "questionId": 7,
        "subjectiveQuestion": null,
        "objectiveQuestion": "Resolved compliance",
        "radioQuestionComment": null,
        "isDefault":true,
        "company":null
    },
    {
        "questionId": 8,
        "subjectiveQuestion": null,
        "objectiveQuestion": "Was sensitive to employees needs",
        "radioQuestionComment": null,
        "isDefault":true,
        "company":null
    },
    {
        "questionId": 9,
        "subjectiveQuestion": null,
        "objectiveQuestion": "Provide feedback on performance",
        "radioQuestionComment": null,
        "isDefault":true,
        "company":null
    },
    {
        "questionId": 10,
        "subjectiveQuestion": null,
        "objectiveQuestion": "Was respective to open communication",
        "radioQuestionComment": null,
        "isDefault":true,
        "company":null
    },
    {
        "questionId": 11,
        "subjectiveQuestion": null,
        "objectiveQuestion": "Followed company policies",
        "radioQuestionComment": null,
        "isDefault":true,
        "company":null
    },
    {
        "questionId": 12,
        "subjectiveQuestion": null,
        "objectiveQuestion": "Unfair",
        "radioQuestionComment": null,
        "isDefault":true,
        "company":null
    },
    {
        "questionId": 13,
        "subjectiveQuestion": null,
        "objectiveQuestion": null,
        "radioQuestionComment": "What did you think of your supervisor on the following points",
        "isDefault":true,
        "company":null
   }
]