[{"menuId":1,"menuTitle":"Dashboard","menuPath":"dashboard","menuIcon":"dashboard","isParent":1,"parentId":0},{"menuId":2,"menuTitle":"HR Operations","menuPath":"hr-operations","menuIcon":"hroperation","isParent":1,"parentId":0},{"menuId":3,"menuTitle":"Shift","menuPath":"hr-operations/shift","menuIcon":"shift","isParent":0,"parentId":2},{"menuId":4,"menuTitle":"Timing Schedule","menuPath":"hr-operations/attendance","menuIcon":"timingschedule","isParent":0,"parentId":2},{"menuId":5,"menuTitle":"Assets","menuPath":"hr-operations/assets","menuIcon":"companyassets","isParent":0,"parentId":2},{"menuId":6,"menuTitle":"Project","menuPath":"hr-operations/project","menuIcon":"projects","isParent":0,"parentId":2},{"menuId":7,"menuTitle":"Holiday List","menuPath":"hr-operations/holidays","menuIcon":"holidaylist","isParent":0,"parentId":2},{"menuId":8,"menuTitle":"Policy","menuPath":"hr-operations/policy","menuIcon":"policy","isParent":0,"parentId":2},{"menuId":9,"menuTitle":"Leave Plan","menuPath":"hr-operations/leave-plan","menuIcon":"leaveplan","isParent":0,"parentId":2},{"menuId":10,"menuTitle":"Notification","menuPath":"hr-operations/notification","menuIcon":"notification","isParent":0,"parentId":2},{"menuId":11,"menuTitle":"Employee Onboarding","menuPath":"employee-onboard","menuIcon":"employeeonboarding","isParent":1,"parentId":0},{"menuId":12,"menuTitle":"Leave Management","menuPath":"leave","menuIcon":"leavemanagement","isParent":1,"parentId":0},{"menuId":13,"menuTitle":"Apply Leave","menuPath":"leave/apply-leave","menuIcon":"applyleave","isParent":0,"parentId":12},{"menuId":14,"menuTitle":"Leave Approval","menuPath":"leave/leave-approval","menuIcon":"leaveapproval","isParent":0,"parentId":12},{"menuId":15,"menuTitle":"Attendance","menuPath":"attendance","menuIcon":"attendances","isParent":1,"parentId":0},{"menuId":16,"menuTitle":"Shift Management","menuPath":"shift-management","menuIcon":"shiftmanagement","isParent":1,"parentId":16},{"menuId":17,"menuTitle":"Employee Shift","menuPath":"shift-management/shift-employee","menuIcon":"employeeshift","isParent":0,"parentId":16},{"menuId":18,"menuTitle":"Shift Assign","menuPath":"shift-management/shift-assign","menuIcon":"shiftassign","isParent":0,"parentId":16},{"menuId":19,"menuTitle":"User Management","menuPath":"user-management","menuIcon":"usermanagement","isParent":1,"parentId":0},{"menuId":20,"menuTitle":"Role","menuPath":"user-management/role","menuIcon":"creatgroup","isParent":0,"parentId":19},{"menuId":21,"menuTitle":"Payroll Management","menuPath":"payroll-management","menuIcon":"payrollmanagement","isParent":1,"parentId":0},{"menuId":22,"menuTitle":"Salary Components","menuPath":"payroll-management/salary-components-list","menuIcon":"salarycomponents","isParent":0,"parentId":21},{"menuId":23,"menuTitle":"Pay Schedule","menuPath":"payroll-management/pay-schedule","menuIcon":"payschedule","isParent":0,"parentId":21},{"menuId":24,"menuTitle":"Employee CTC","menuPath":"payroll-management/ctc","menuIcon":"currentctc","isParent":0,"parentId":21},{"menuId":25,"menuTitle":"Payroll","menuPath":"payroll-management/payroll","menuIcon":"employeepayroll","isParent":0,"parentId":21},{"menuId":26,"menuTitle":"Payslip","menuPath":"payroll-management/payslip","menuIcon":"payslip","isParent":0,"parentId":21},{"menuId":27,"menuTitle":"Email Template","menuPath":"payroll-management/email-template","menuIcon":"emailtemplate","isParent":0,"parentId":21},{"menuId":28,"menuTitle":"Appraisal Management","menuPath":"appraisal-management","menuIcon":"performancemanagement","isParent":1,"parentId":0},{"menuId":29,"menuTitle":"Create Goal","menuPath":"appraisal-management/create-goal","menuIcon":"creategoal","isParent":0,"parentId":28},{"menuId":30,"menuTitle":"View Review","menuPath":"appraisal-management/review-evolution","menuIcon":"viewreview","isParent":0,"parentId":28},{"menuId":31,"menuTitle":"Exit Management","menuPath":"exit-management","menuIcon":"exitmanagement","isParent":1,"parentId":0},{"menuId":32,"menuTitle":"Create Employee Exit Records","menuPath":"exit-management/exit-create","menuIcon":"createexitrecord","isParent":0,"parentId":31},{"menuId":33,"menuTitle":"View Employee Exit Records","menuPath":"exit-management/exit-list","menuIcon":"viewexitrecord","isParent":0,"parentId":31},{"menuId":34,"menuTitle":"Reports","menuPath":"reports","menuIcon":"reports","isParent":1,"parentId":0},{"menuId":35,"menuTitle":"Settings","menuPath":"settings","menuIcon":"settings","isParent":1,"parentId":0},{"menuId":36,"menuTitle":"Company","menuPath":"settings/company","menuIcon":"company","isParent":0,"parentId":35},{"menuId":37,"menuTitle":"Location","menuPath":"settings/branch","menuIcon":"location","isParent":0,"parentId":35},{"menuId":38,"menuTitle":"Department","menuPath":"settings/department","menuIcon":"department","isParent":0,"parentId":35},{"menuId":39,"menuTitle":"Designation","menuPath":"settings/designation","menuIcon":"designation","isParent":0,"parentId":35},{"menuId":40,"menuTitle":"Skills","menuPath":"settings/technology","menuIcon":"skill","isParent":0,"parentId":35},{"menuId":41,"menuTitle":"Jobs","menuPath":"settings/job","menuIcon":"jobs","isParent":0,"parentId":35},{"menuId":42,"menuTitle":"Organization Structure","menuPath":"hr-operations/org-structure","menuIcon":"notification","isParent":0,"parentId":2},{"menuId":43,"menuTitle":"Payslip Activation","menuPath":"payroll-management/payslip-activation","menuIcon":"employeepayroll","isParent":0,"parentId":21},{"menuId":44,"menuTitle":"Control Attendance","menuPath":"attendance/control-attendance","menuIcon":"attendances","isParent":0,"parentId":15},{"menuId":45,"menuTitle":"Attendance Info","menuPath":"attendance/attendance-info","menuIcon":"attendances","isParent":0,"parentId":15},{"menuId":46,"menuTitle":"Exit Records","menuPath":"settings/exitrecords","menuIcon":"settings","isParent":0,"parentId":35},{"menuId":47,"menuTitle":"Resignation","menuPath":"exit-management/resignation","menuIcon":"exitmanagement","isParent":0,"parentId":31},{"menuId":48,"menuTitle":"Approval By RM","menuPath":"exit-management/approvalbyRM-list","menuIcon":"exitmanagement","isParent":0,"parentId":31}]