[
  {
    "menuTitle": "Dashboard",
    "menuIcon": "dashboard",
    "menuPath": "dashboard",
    "id": 1,
    "childs": [],
    "create": true,
    "delete": false,
    "edit": false,
    "view": false
  },
  {
    "menuTitle": "HR Operations",
    "menuIcon": "hroperation",
    "menuPath": "hr-operations",
    "id": 2,
    "childs": [
      {
        "menuTitle": "Shift",
        "menuIcon": "shift",
        "menuPath": "hr-operations/shift",
        "id": 3,
        "childs": [],
        "create": true,
        "delete": true,
        "edit": true,
        "view": true
      },
      {
        "menuTitle": "Timing Schedule",
        "menuIcon": "timingschedule",
        "menuPath": "hr-operations/attendance",
        "id": 4,
        "childs": [],
        "create": true,
        "delete": true,
        "edit": true,
        "view": true
      },
      {
        "menuTitle": "Assets",
        "menuIcon": "companyassets",
        "menuPath": "hr-operations/assets",
        "id": 5,
        "childs": [],
        "create": true,
        "delete": true,
        "edit": true,
        "view": true
      },
      {
        "menuTitle": "Project",
        "menuIcon": "projects",
        "menuPath": "hr-operations/project",
        "id": 6,
        "childs": [],
        "create": true,
        "delete": true,
        "edit": true,
        "view": true
      },
      {
        "menuTitle": "Holiday List",
        "menuIcon": "holidaylist",
        "menuPath": "hr-operations/holidays",
        "id": 7,
        "childs": [],
        "create": true,
        "delete": true,
        "edit": true,
        "view": true
      },
      {
        "menuTitle": "Policy",
        "menuIcon": "policy",
        "menuPath": "hr-operations/policy",
        "id": 8,
        "childs": [],
        "create": true,
        "delete": true,
        "edit": true,
        "view": true
      },
      {
        "menuTitle": "Leave Plan",
        "menuIcon": "leaveplan",
        "menuPath": "hr-operations/leave-plan",
        "id": 9,
        "childs": [],
        "create": true,
        "delete": true,
        "edit": true,
        "view": true
      },
      {
        "menuTitle": "Notification",
        "menuIcon": "notification",
        "menuPath": "hr-operations/notification",
        "id": 10,
        "childs": [],
        "create": true,
        "delete": true,
        "edit": true,
        "view": true
      }
    ]
  },
  {
    "menuTitle": "Employee Onboarding",
    "menuIcon": "employeeonboarding",
    "menuPath": "employee-onboard",
    "id": 11,
    "childs": [],
    "create": true,
    "delete": true,
    "edit": true,
    "view": true
  },
  {
    "menuTitle": "Leave Management",
    "menuIcon": "leavemanagement",
    "menuPath": "leave",
    "id": 12,
    "childs": [
      {
        "menuTitle": "Apply Leave",
        "menuIcon": "applyleave",
        "menuPath": "leave/apply-leave",
        "id": 13,
        "childs": [],
        "create": true,
        "delete": true,
        "edit": true,
        "view": true
      },
      {
        "menuTitle": "Leave Approval",
        "menuIcon": "leaveapproval",
        "menuPath": "leave/leave-approval",
        "id": 14,
        "childs": [],
        "create": true,
        "delete": true,
        "edit": true,
        "view": true
      }
    ]
  },
  {
    "menuTitle": "Attendance",
    "menuIcon": "attendances",
    "menuPath": "attendance",
    "id": 15,
    "childs": [
      {
        "menuTitle": "Control Attendance",
        "menuIcon": "attendances",
        "menuPath": "attendance/control-attendance",
        "id": 44,
        "childs": [],
        "create": true,
        "delete": true,
        "edit": true,
        "view": true
      },
      {
        "menuTitle": "Attendance Info",
        "menuIcon": "attendances",
        "menuPath": "attendance/attendance-info",
        "id": 45,
        "childs": [],
        "create": true,
        "delete": true,
        "edit": true,
        "view": true
      }
    ]
  },
  {
    "menuTitle": "Shift Management",
    "menuIcon": "shiftmanagement",
    "menuPath": "shift-management",
    "id": 16,
    "childs": [
      {
        "menuTitle": "Employee Shift",
        "menuIcon": "employeeshift",
        "menuPath": "shift-management/shift-employee",
        "id": 17,
        "childs": [],
        "create": true,
        "delete": true,
        "edit": true,
        "view": true
      },
      {
        "menuTitle": "Shift Assign",
        "menuIcon": "shiftassign",
        "menuPath": "shift-management/shift-assign",
        "id": 18,
        "childs": [],
        "create": true,
        "delete": true,
        "edit": true,
        "view": true
      }
    ]
  },
  {
    "menuTitle": "User Management",
    "menuIcon": "usermanagement",
    "menuPath": "user-management",
    "id": 19,
    "childs": [
      {
        "menuTitle": "Role",
        "menuIcon": "creatgroup",
        "menuPath": "user-management/role",
        "id": 20,
        "childs": [],
        "create": true,
        "delete": true,
        "edit": true,
        "view": true
      }
    ]
  },
  {
    "menuTitle": "Payroll Management",
    "menuIcon": "payrollmanagement",
    "menuPath": "payroll-management",
    "id": 21,
    "childs": [
      {
        "menuTitle": "Salary Components",
        "menuIcon": "salarycomponents",
        "menuPath": "payroll-management/salary-components-list",
        "id": 22,
        "childs": [],
        "create": true,
        "delete": true,
        "edit": true,
        "view": true
      },
      {
        "menuTitle": "Pay Schedule",
        "menuIcon": "payschedule",
        "menuPath": "payroll-management/pay-schedule",
        "id": 23,
        "childs": [],
        "create": true,
        "delete": true,
        "edit": true,
        "view": true
      },
      {
        "menuTitle": "Employee CTC",
        "menuIcon": "currentctc",
        "menuPath": "payroll-management/ctc",
        "id": 24,
        "childs": [],
        "create": true,
        "delete": true,
        "edit": true,
        "view": true
      },
      {
        "menuTitle": "Payroll",
        "menuIcon": "employeepayroll",
        "menuPath": "payroll-management/payroll",
        "id": 25,
        "childs": [],
        "create": true,
        "delete": true,
        "edit": true,
        "view": true
      },
      {
        "menuTitle": "Payslip",
        "menuIcon": "payslip",
        "menuPath": "payroll-management/payslip",
        "id": 26,
        "childs": [],
        "create": true,
        "delete": true,
        "edit": true,
        "view": true
      },
      {
        "menuTitle": "Email Template",
        "menuIcon": "emailtemplate",
        "menuPath": "payroll-management/email-template",
        "id": 27,
        "childs": [],
        "create": true,
        "delete": true,
        "edit": true,
        "view": true
      },
      {
        "menuTitle": "Payslip Activation",
        "menuIcon": "employeepayroll",
        "menuPath": "payroll-management/payslip-activation",
        "id": 43,
        "childs": [],
        "create": true,
        "delete": true,
        "edit": true,
        "view": true
      }
    ]
  },
  {
    "menuTitle": "Appraisal Management",
    "menuIcon": "performancemanagement",
    "menuPath": "appraisal-management",
    "id": 28,
    "childs": [
      {
        "menuTitle": "Create Goal",
        "menuIcon": "creategoal",
        "menuPath": "appraisal-management/create-goal",
        "id": 29,
        "childs": [],
        "create": true,
        "delete": true,
        "edit": true,
        "view": true
      },
      {
        "menuTitle": "View Review",
        "menuIcon": "viewreview",
        "menuPath": "appraisal-management/review-evolution",
        "id": 30,
        "childs": [],
        "create": true,
        "delete": true,
        "edit": true,
        "view": true
      }
    ]
  },
  {
    "menuTitle": "Exit Management",
    "menuIcon": "exitmanagement",
    "menuPath": "exit-management",
    "id": 31,
    "childs": [
      {
        "menuTitle": "Create Employee Exit Records",
        "menuIcon": "createexitrecord",
        "menuPath": "exit-management/exit-create",
        "id": 32,
        "childs": [],
        "create": true,
        "delete": true,
        "edit": true,
        "view": true
      },
      {
        "menuTitle": "View Employee Exit Records",
        "menuIcon": "viewexitrecord",
        "menuPath": "exit-management/exit-list",
        "id": 33,
        "childs": [],
        "create": true,
        "delete": true,
        "edit": true,
        "view": true
      },
      {
        "menuTitle": "Resignation",
        "menuIcon": "exitmanagement",
        "menuPath": "exit-management/resignation",
        "id": 47,
        "childs": [],
        "create": true,
        "delete": true,
        "edit": true,
        "view": true
      },
      {
        "menuTitle": "Approval By RM",
        "menuIcon": "exitmanagement",
        "menuPath": "exit-management/approvalbyRM-list",
        "id": 48,
        "childs": [],
        "create": true,
        "delete": true,
        "edit": true,
        "view": true
      }
    ]
  },
  {
    "menuTitle": "Reports",
    "menuIcon": "reports",
    "menuPath": "reports",
    "id": 34,
    "childs": [],
    "create": true,
    "delete": true,
    "edit": true,
    "view": true
  },
  {
    "menuTitle": "Settings",
    "menuIcon": "settings",
    "menuPath": "settings",
    "id": 35,
    "childs": [
      {
        "menuTitle": "Company",
        "menuIcon": "company",
        "menuPath": "settings/company",
        "id": 36,
        "childs": [],
        "create": true,
        "delete": true,
        "edit": true,
        "view": true
      },
      {
        "menuTitle": "Location",
        "menuIcon": "location",
        "menuPath": "settings/branch",
        "id": 37,
        "childs": [],
        "create": true,
        "delete": true,
        "edit": true,
        "view": true
      },
      {
        "menuTitle": "Department",
        "menuIcon": "department",
        "menuPath": "settings/department",
        "id": 38,
        "childs": [],
        "create": true,
        "delete": true,
        "edit": true,
        "view": true
      },
      {
        "menuTitle": "Designation",
        "menuIcon": "designation",
        "menuPath": "settings/designation",
        "id": 39,
        "childs": [],
        "create": true,
        "delete": true,
        "edit": true,
        "view": true
      },
      {
        "menuTitle": "Skills",
        "menuIcon": "skill",
        "menuPath": "settings/technology",
        "id": 40,
        "childs": [],
        "create": true,
        "delete": true,
        "edit": true,
        "view": true
      },
      {
        "menuTitle": "Jobs",
        "menuIcon": "jobs",
        "menuPath": "settings/job",
        "id": 41,
        "childs": [],
        "create": true,
        "delete": true,
        "edit": true,
        "view": true
      },
      {
        "menuTitle": "Exit Records",
        "menuIcon": "settings",
        "menuPath": "settings/exitrecords",
        "id": 46,
        "childs": [],
        "create": true,
        "delete": true,
        "edit": true,
        "view": true
      }
    ]
  }
]